id (식별코드),Ordinance(법규명),Level (위계),Category (주제),Type (성격),Action (행위),Building_use (건축물),Content(원문),Link (원문링크)
A_001,건축법,법,건축 일반,기본 원칙 및 규제,"건축, 대수선, 용도변경",모든 건축물,"",https://www.law.go.kr/법령/건축법
A_002,건축기본법,법,건축 정책,정책 수립 및 기본 방향,"건축정책 수립, 디자인 개선",모든 건축물 및 공간환경," 제1장 총칙

조문체계도버튼
 제1조(목적) 이 법은 건축에 관한 국가 및 지방자치단체와 국민의 책무를 정하고 건축정책의 수립ㆍ시행 등을 규정하여 건축문화를 진흥함으로써 국민의 건전한 삶의 영위와 복리향상에 이바지함을 목적으로 한다.

조문체계도버튼
 제2조(기본이념) 이 법은 국가 및 지방자치단체와 국민의 공동의 노력으로 다음 각 호와 같은 건축의 공공적 가치를 구현함을 기본이념으로 한다.


1. 국민의 안전ㆍ건강 및 복지에 직접 관련된 생활공간의 조성

2. 사회의 다양한 요구를 조정하고 수용하며 경제활동의 토대가 되는 공간환경의 조성

3. 지역의 고유한 생활양식과 역사를 반영하고 미래세대에 계승될 문화공간의 창조 및 조성

조문체계도버튼
 제3조(정의) 이 법에서 사용하는 용어의 정의는 다음과 같다.


1. “건축물”이란 토지에 정착하는 공작물 중 지붕과 기둥 또는 벽이 있는 것과 이에 부수되는 시설물을 말한다.

2. “공간환경(空間環境)”이란 건축물이 이루는 공간구조ㆍ공공공간 및 경관을 말한다.

3. “공공공간(公共空間)”이란 가로ㆍ공원ㆍ광장 등의 공간과 그 안에 부속되어 공중(公衆)이 이용하는 시설물을 말한다.

4. “건축디자인”이란 품격과 품질이 우수한 건축물과 공간환경의 조성으로 건축의 공공성을 실현하기 위하여 건축물과 공간환경을 기획ㆍ설계하고 개선하는 행위를 말한다.

5. “품격”이란 주변환경과의 관계, 규모, 형태, 구조, 재료, 시공수준 등을 통하여 그 목적과 지역의 정체성을 창출할 수 있는 적절성을 말한다.

6. “품질”이란 안전, 보건, 기능, 쾌적, 자원절약과 재활용 등의 객관적 성능을 말한다.

7. “건축”이란 건축물과 공간환경을 기획, 설계, 시공 및 유지관리하는 것을 말한다.

조문체계도버튼
 제4조(국가 및 지방자치단체의 책무) ① 국가는 품격과 품질이 우수한 건축물과 공간환경을 조성하기 위한 종합적인 건축정책을 수립ㆍ시행하여야 하며, 지방자치단체는 국가의 건축정책에 맞추어 지역의 실정에 부합하는 건축정책을 수립ㆍ시행하여야 한다.

② 국가, 지방자치단체 또는 「공공기관의 운영에 관한 법률」에 따른 공공기관(이하 “공공기관”이라 한다)은 직접 발주하거나 건축주가 되는 경우 우수한 건축디자인을 선도하도록 노력하여야 한다.

③ 국가와 지방자치단체는 건축에 대한 국민의 인식을 제고하기 위하여 필요한 교육ㆍ홍보를 활성화하도록 노력하여야 한다.

④ 국가와 지방자치단체는 건축분야 전문지식의 발전과 전문인력의 양성에 노력하여야 한다.

조문체계도버튼
 제5조(국민의 의무) ① 국민은 국가와 지방자치단체가 시행하는 건축정책에 적극 참여하고 협력하도록 노력하여야 한다.

② 건축주 및 발주자는 공정한 기준과 절차에 의하여 설계자와 시공자 등을 선정하고 적정한 대가를 지급하며, 소유자 및 관리자는 제2조에 따른 건축의 공공적 가치가 올바르게 구현되도록 건축물과 공간환경을 유지하고 관리하여야 한다.

③ 건축 관련 전문가는 전문지식을 함양하고 이에 근거하여 독립되고 공정한 입장에서 국민의 건축에 대한 이해를 돕고 건축의 공공적 가치를 실현하도록 노력하여야 한다.

조문체계도버튼
 제6조(다른 법률과의 관계) 국가는 건축에 관한 다른 법률을 제정 또는 개정하는 경우에는 이 법의 목적과 기본이념에 맞도록 하여야 한다.

        제2장 건축정책의 기본방향

조문체계도버튼
 제7조(건축의 생활공간적 공공성 구현) ① 국가 및 지방자치단체는 각종 재난에 대비하여 건축물 및 공간환경을 안전하게 조성하고 그 안전수준을 지속적으로 유지하기 위하여 필요한 시책을 강구하여야 한다.

② 국가 및 지방자치단체는 건축물 및 공간환경의 계획 또는 설계 단계에서부터 사용자의 건강과 장애인ㆍ노약자ㆍ임산부 등의 이용을 배려하여 조성될 수 있도록 필요한 시책을 강구하여야 한다.

조문체계도버튼연혁
 제8조(건축의 사회적 공공성 확보) ① 국가 및 지방자치단체는 국민의 다양한 요구와 다원적(多元的) 문화에 부응하고 미래사회의 문화적 요구변화와 기술변화에 능동적으로 대응할 수 있는 건축정책을 수립ㆍ시행하여야 한다.

② 건축물의 소유자 또는 관리자는 건축물 및 공간환경이 미래세대에 계승되는 사회ㆍ경제적 자산으로서 조성되고, 그 가치가 지속적으로 강화되도록 관리하여야 한다.

③ 건축물의 소유자 또는 관리자는 건축물 및 공간환경을 조성하고 사용하는 과정 등에서 환경에 대한 영향을 최소화하고 자원의 재이용과 재생을 촉진함으로써 자연과의 조화가 이루어지도록 하여야 한다. <개정 2020. 6. 9.>

조문체계도버튼
 제9조(건축의 문화적 공공성 실현) ① 건축물의 소유자 또는 관리자는 건축물 및 공간환경을 조성하여 사용하는 전 과정에서 건축의 문화적 가치가 향상되도록 하여야 한다.

② 건축물 및 공간환경의 문화적ㆍ산업적 경쟁력 제고를 위하여 관련 전문가의 창의성이 존중되어야 한다.

③ 국가 및 지방자치단체는 건축물 및 공간환경이 지역 주민들의 참여를 바탕으로 해당 지역의 풍토나 역사 또는 환경에 적합하게 조성되도록 필요한 시책을 강구하여야 한다.

④ 국가 및 지방자치단체는 지역의 고유한 건축문화유산을 보전하고, 새로운 건축물 및 공간환경이 기존의 공간환경과 조화와 균형을 이루어 조성되도록 필요한 시책을 강구하여야 한다.

⑤ 국가와 지방자치단체는 각각 시행한 건축정책에 대한 모니터링을 실시하고 정책성과를 평가하는 등 건축정책의 신뢰성을 제고하기 위하여 노력하여야 한다.

        제3장 건축정책의 수립

조문체계도버튼연혁
 제10조(건축정책기본계획의 수립) ① 국토교통부장관은 건축정책에 관한 기본계획(이하 “건축정책기본계획”이라 한다)을 5년마다 수립ㆍ시행하여야 한다. <개정 2008. 2. 29., 2013. 3. 23.>

② 국토교통부장관은 건축정책기본계획을 수립하거나 변경하고자 하는 때에는 관계 중앙행정기관의 장과 협의하고 공청회 등을 거쳐 의견을 수렴한 후 제13조에 따른 국가건축정책위원회의 심의를 거쳐 대통령에게 보고 후 이를 확정한다. <개정 2008. 2. 29., 2013. 3. 23.>

③ 건축정책기본계획 중 대통령령으로 정하는 경미한 사항을 변경하고자 하는 경우에는 제2항에 따른 절차를 생략할 수 있다.

④ 국토교통부장관은 건축정책기본계획을 작성하고자 하는 때에는 관계 중앙행정기관의 장 및 특별시장ㆍ광역시장ㆍ도지사 또는 특별자치도지사(이하 “시ㆍ도지사”라 한다)ㆍ공공기관 또는 단체의 장 등에게 건축정책기본계획에 반영되어야 할 정책 및 사업 등에 관한 소관별 계획과 대통령령으로 정하는 자료의 제출을 요청할 수 있으며, 관계 중앙행정기관의 장 및 시ㆍ도지사는 특별한 사유가 없으면 이에 따라야 한다. <개정 2008. 2. 29., 2013. 3. 23., 2020. 6. 9.>

⑤ 국토교통부장관은 건축정책기본계획이 확정된 때에는 지체 없이 주요 내용을 관보에 고시하고, 관계 중앙행정기관의 장 및 시ㆍ도지사에게 송부하여야 한다. <개정 2008. 2. 29., 2013. 3. 23.>

⑥ 건축정책기본계획의 수립ㆍ시행 및 변경 등에 관하여 필요한 사항은 대통령령으로 정한다.

조문체계도버튼
 제11조(건축정책기본계획의 내용) 건축정책기본계획에는 다음 각 호의 사항이 포함되어야 한다.


1. 건축의 현황 및 여건변화, 전망에 관한 사항

2. 건축정책의 기본목표 및 추진방향

3. 건축의 품격 및 품질 향상에 관한 사항

4. 도시경관 향상을 위한 통합된 건축디자인에 관한 사항

5. 지역의 건축에 관한 발전 및 지원대책

6. 우수한 설계기법 및 첨단건축물 등 연구개발에 관한 사항

7. 건축분야 전문인력의 육성ㆍ지원 및 관리에 관한 사항

8. 건축디자인 등 건축의 국제경쟁력 향상에 관한 사항

9. 건축문화 기반구축에 관한 사항

10. 건축 관련 기술의 개발ㆍ보급 및 선도시범사업에 관한 사항

11. 건축정책기본계획의 시행 및 그 밖에 대통령령으로 정하는 건축진흥에 필요한 사항

조문체계도버튼연혁
 제12조(지역건축기본계획의 수립 등) ① 시ㆍ도지사는 지역의 현황 및 사회ㆍ경제ㆍ문화적 실정에 부합하는 건축정책을 위하여 건축정책기본계획에 따라 특별시ㆍ광역시ㆍ도 또는 특별자치도(이하 “시ㆍ도”라 한다)의 건축정책에 관한 기본계획(이하 “광역건축기본계획”이라 한다)을 5년마다 수립ㆍ시행하여야 하며, 시장ㆍ군수ㆍ구청장(자치구의 구청장을 말한다. 이하 같다)은 필요한 경우 건축정책기본계획 및 광역건축기본계획에 따라 시ㆍ군ㆍ구(자치구의 구를 말한다. 이하 같다)의 건축정책에 관한 기본계획(이하 “기초건축기본계획”이라 한다)을 5년마다 수립ㆍ시행할 수 있다.

② 광역건축기본계획 및 기초건축기본계획(이하 “지역건축기본계획”이라 한다)을 수립하거나 변경하는 경우 시ㆍ도지사 및 시장ㆍ군수ㆍ구청장은 공청회 등을 거쳐 의견을 수렴하고 해당 지방의회의 의견을 청취한 후 제18조에 따른 시ㆍ도건축정책위원회 또는 시ㆍ군ㆍ구건축정책위원회의 심의를 거쳐 이를 확정한다.

③ 지역건축기본계획 중 대통령령으로 정하는 바에 따라 지방자치단체의 조례로 정하는 경미한 사항을 변경하고자 하는 경우에는 제2항에 따른 절차를 생략할 수 있다.

④ 시ㆍ도지사 및 시장ㆍ군수ㆍ구청장이 제1항에 따라 지역건축기본계획을 수립ㆍ변경하는 경우에는 지체 없이 이를 국토교통부장관에게 보고하여야 한다. 다만, 시장ㆍ군수ㆍ구청장이 기초건축기본계획을 수립ㆍ변경하는 경우에는 관할 시ㆍ도지사를 거쳐 국토교통부장관에게 보고하여야 한다. <개정 2008. 2. 29., 2013. 3. 23., 2020. 6. 9.>

⑤ 지역건축기본계획의 수립ㆍ시행 및 변경 등에 관하여 필요한 사항은 대통령령으로 정한다.

        제4장 건축정책위원회

조문체계도버튼
 제13조(국가건축정책위원회) ① 건축분야의 중요한 정책을 심의하고 관계 부처의 건축정책의 조정 및 그 밖에 이 법으로 정하는 사항을 시행하기 위하여 대통령 소속으로 국가건축정책위원회를 둔다.

② 제1항에 따른 국가건축정책위원회(이하 “국가건축정책위원회”라 한다)는 위원장 1인을 포함하여 30인 이내의 위원으로 구성한다.

③ 위원장은 위촉위원 중에서 대통령이 지명하고, 위원은 다음 각 호의 자로 한다.

1. 대통령령으로 정하는 관계 중앙행정기관의 장

2. 건축분야의 학식과 경험이 풍부한 자 중에서 대통령이 위촉한 자

④ 국가건축정책위원회는 소관 사무를 전문적으로 수행하기 위하여 분과위원회를 설치ㆍ운영할 수 있다.

⑤ 위원의 임기, 국가건축정책위원회 및 분과위원회의 운영 등에 관하여 필요한 사항은 대통령령으로 정한다.

조문체계도버튼연혁
 제14조(국가건축정책위원회의 기능) 국가건축정책위원회는 다음 각 호의 사항을 심의한다. <개정 2020. 6. 9.>


1. 건축정책기본계획을 포함한 건축정책의 수립 및 조정

2. 건축분야 발전에 관한 주요 사업의 지원

3. 건축행정 개선에 관한 사항

4. 건축문화행사 추진에 관한 사항

5. 국민의 건축문화 향유기회의 확대에 관한 사항

6. 제21조제1항 및 제2항에 따른 건축디자인 기준의 설정에 관한 사항

7. 건축에 관한 조사ㆍ연구 및 개발에 관한 사항

8. 그 밖에 건축정책과 관련하여 위원장이 회의에 부치는 사항

조문체계도버튼연혁
 제15조(건축정책 국회보고) ① 국토교통부장관은 국가건축정책위원회의 의견을 들어 건축에 관한 주요 정책 수립 및 시행 등에 관한 보고서를 작성하여 2년마다 국회 소관 상임위원회에 제출하여야 한다. <개정 2008. 2. 29., 2013. 3. 23.>

② 제1항의 보고서에는 다음 각 호의 내용이 포함되어야 한다.

1. 건축정책기본계획 수립ㆍ시행 및 성과 등에 관한 사항

2. 미래사회의 건축환경 변화 전망 및 대책

3. 건축문화 진흥을 위한 시책과 사업 등에 관한 사항

4. 건축환경, 문화 창달을 위한 지역의 풍토성 및 전통성 계승에 관한 시책

5. 건축제도ㆍ기준 등의 국제화에 관한 사항

6. 건축기술ㆍ건축설계의 발전, 전문인력 양성 등 산업의 경쟁력 강화에 관한 사항

7. 그 밖에 건축에 관한 중요 사항

조문체계도버튼연혁
 제16조(건축 기본조사) ① 국토교통부장관은 제14조 각 호의 사항에 대한 심의 및 제15조제1항에 따른 보고서의 작성 등을 위하여 필요한 때에는 건축에 관한 각종 통계, 건축물 현황, 건축에 관한 인식도 및 기대수준, 그 밖에 제15조제2항 각 호와 관련되어 필요한 자료 등 대통령령으로 정하는 사항에 대하여 조사할 수 있다. <개정 2008. 2. 29., 2013. 3. 23.>

② 국토교통부장관은 중앙행정기관의 장 또는 지방자치단체의 장에게 조사에 필요한 자료의 제출을 요청하거나 제1항의 조사사항 중 일부에 대하여 이를 직접 조사하도록 요청할 수 있다. 이 경우 요청을 받은 중앙행정기관의 장 또는 지방자치단체의 장은 특별한 사유가 없으면 이에 따라야 한다. <개정 2008. 2. 29., 2013. 3. 23., 2020. 6. 9.>

조문체계도버튼
 제17조(기획단) ① 국가건축정책위원회의 사무를 처리하기 위하여 국가건축정책위원회에 기획단을 둔다.

② 국가건축정책위원회는 그 업무수행을 위하여 필요한 때에는 관계 행정기관 소속의 공무원 및 관계 기관ㆍ법인ㆍ단체 등의 임직원의 파견 또는 겸임을 요청할 수 있다.

③ 기획단의 구성 및 운영에 관하여 필요한 사항은 대통령령으로 정한다.

조문체계도버튼
 제18조(지역건축위원회) ① 지역의 건축분야의 중요한 정책의 심의 및 그 밖에 이 법으로 정하는 사항을 시행하기 위하여 시ㆍ도지사 소속으로 시ㆍ도건축정책위원회(이하 “광역건축위원회”라 한다)를, 시장ㆍ군수ㆍ구청장 소속으로 시ㆍ군ㆍ구건축정책위원회(이하 “기초건축위원회”라 한다)를 둘 수 있다.

② 광역건축위원회 및 기초건축위원회(이하 “지역건축위원회”라 한다)의 구성ㆍ조직, 그 밖에 위원회 운영에 관하여 필요한 사항은 해당 지방자치단체의 조례로 정한다. 다만, 해당 지방자치단체에 대통령령으로 정하는 관련 위원회가 이미 설치되어 있는 경우에는 조례로 정하는 바에 따라 지역건축위원회의 기능을 대신하도록 할 수 있다.

조문체계도버튼
 제19조(지역건축위원회의 기능) 지역건축위원회는 다음 각 호의 사항에 관한 사무를 행한다.


1. 해당 지역의 지역건축기본계획의 수립ㆍ시행에 관한 사항

2. 해당 지역의 건축행정 개선에 관한 사항

3. 건축문화 기반조성을 위한 사업 및 활동에 대한 사항

        제5장 건축문화의 진흥

조문체계도버튼연혁
 제20조(건축문화진흥을 위한 재정지원) 국토교통부장관은 대통령령으로 정하는 바에 따라 문화체육관광부장관 및 산업통상부장관과 협의하여 건축물 및 공간환경의 개선과 건축문화의 진흥을 위해 다음 각 호의 사업에 대하여 국고보조 등 재정지원을 할 수 있다. <개정 2008. 2. 29., 2013. 3. 23., 2025. 10. 1.>


1. 건축문화 관련 시설의 설립 및 운영

2. 출판ㆍ전시ㆍ축제 등 건축문화 관련 사업

3. 국민의 건축이해 증진을 위한 교육

4. 건축 관련 해외 진출 및 국제교류

5. 제21조에 따른 건축디자인 기준의 설정

6. 제22조에 따른 건축디자인 시범사업

7. 그 밖에 건축문화진흥을 위하여 대통령령으로 정하는 사업

조문체계도버튼연혁위임행정규칙버튼
 제21조(건축디자인 기준의 설정) ① 국토교통부장관은 산업통상부장관과 협의하여 건축디자인(공공공간은 제외한다)의 기준을 설정할 수 있다. <개정 2008. 2. 29., 2013. 3. 23., 2020. 6. 9., 2025. 10. 1.>

② 국토교통부장관은 문화체육관광부장관 및 산업통상부장관과 협의하여 공공공간의 건축디자인 기준을 설정할 수 있다. <개정 2008. 2. 29., 2013. 3. 23., 2025. 10. 1.>

③ 시ㆍ도지사 또는 시장ㆍ군수ㆍ구청장은 제1항 및 제2항의 기준의 범위 안에서 지역 내 건축디자인 기준을 따로 정할 수 있다.

④ 지방자치단체의 장은 건축물 및 공간환경 시설물의 소유자ㆍ관리자 및 공공기관의 장에게 제1항부터 제3항까지의 규정에 따른 건축디자인 기준에 따르도록 권장할 수 있다.

⑤ 제1항부터 제3항까지의 규정에 따른 건축디자인 기준 설정에 대하여 필요한 사항은 대통령령으로 정한다.

위임행정규칙
조문체계도버튼
 제22조(건축디자인 시범사업 실시) ① 중앙행정기관의 장, 시ㆍ도지사 또는 시장ㆍ군수ㆍ구청장은 공공의 이익을 증진하고 건축디자인의 경쟁력 강화를 위하여 다음 각 호의 사업을 시범사업으로 지정할 수 있다.

1. 공공기관이 시행하는 사업

2. 건축디자인을 개선하는 개발ㆍ정비사업

3. 민간에서 발주하는 사업으로서 대통령령으로 정하는 사업

② 중앙행정기관의 장, 시ㆍ도지사 또는 시장ㆍ군수ㆍ구청장은 제1항에 따른 시범사업에 대하여 재정지원 등을 통하여 지원할 수 있다.

③ 제1항 및 제2항에 따른 건축디자인 시범사업의 지정절차, 건축디자인 기준의 적용, 재정지원 등에 대하여 필요한 사항은 대통령령으로 정한다.

조문체계도버튼연혁
 제23조(민간전문가의 참여) ① 중앙행정기관의 장 및 지방자치단체의 장은 건축 관련 민원, 설계공모 업무나 도시개발 사업 등을 시행하는 경우 민간전문가를 위촉하여 해당 업무의 일부를 진행ㆍ조정하게 할 수 있다. <개정 2020. 6. 9.>

② 제1항의 민간전문가의 자격ㆍ업무범위ㆍ보수 등 필요한 사항은 대통령령으로 정한다.

조문체계도버튼
 제24조(설계공모의 시행) 국가ㆍ지방자치단체 및 공공기관은 우수한 건축물 및 공간환경 설계의 선정을 위하여 설계공모를 실시하도록 노력하여야 한다.

        제6장 한국건축규정의 운용 <신설 2015. 8. 11.>

조문체계도버튼연혁생활법령버튼
 제25조(한국건축규정의 공고 등) ① 국토교통부장관은 건축물의 설계, 시공, 공사감리 및 유지ㆍ관리 등과 관련된 「건축법」 및 그 관계 법령, 행정규칙 및 조례 등의 규정(이하 이 조에서 “건축물 관련 규정”이라 한다)을 종합적으로 안내하고, 합리적으로 운용하기 위하여 건축물 관련 규정을 관장하는 중앙행정기관의 장 및 지방자치단체의 장과 협의하여 건축물 관련 규정을 통합한 한국건축규정(이하 “한국건축규정”이라 한다)을 공고할 수 있다. <개정 2021. 7. 27.>

② 국토교통부장관은 제1항에 따라 공고된 한국건축규정을 체계적으로 관리하고 국민에게 제공하기 위하여 한국건축규정 정보체계를 구축ㆍ운영하여야 한다. <개정 2021. 7. 27.>

③ 국토교통부장관은 제2항에 따른 한국건축규정 정보체계를 효율적으로 관리하고 대국민서비스를 제고하기 위하여 대통령령으로 정하는 기관 또는 단체에 한국건축규정 정보체계의 운영을 위탁할 수 있다. <신설 2021. 7. 27.>

④ 중앙행정기관의 장 및 지방자치단체의 장은 소관하는 건축물 관련 규정이 제정, 개정 또는 폐지되는 경우에는 대통령령으로 정하는 바에 따라 한국건축규정에 반영되도록 조치하여야 한다. <신설 2021. 7. 27.>

[본조신설 2015. 8. 11.]

조문체계도버튼연혁
 제26조(한국건축규정의 개선 노력) ① 국토교통부장관은 한국건축규정을 상시적으로 관리하고 합리적으로 개선ㆍ보완하여야 하며, 이를 위하여 필요한 경우 관계 부처 공무원을 구성원으로 하는 한국건축규정 협의회를 대통령령으로 정하는 바에 따라 구성하여 운영할 수 있다.

② 국토교통부장관은 한국건축규정의 내용 중 개선ㆍ보완이 필요하다고 판단되는 사항이 있는 경우 대통령령으로 정하는 바에 따라 국가건축정책위원회의 심의를 거쳐 관계 기관의 장에게 개선ㆍ보완을 요구할 수 있다. 이 경우 관계 기관의 장은 특별한 사정이 없으면 이에 따라야 한다.

③ 시ㆍ도지사는 3년마다 한국건축규정과 관련된 소관 조례를 평가하고, 개선ㆍ보완이 필요하다고 판단되는 경우 「건축법」 제4조에 따라 시ㆍ도지사가 두는 건축위원회의 심의를 거쳐 소관 조례의 개선ㆍ보완을 추진하여야 한다.

④ 시ㆍ도지사는 3년마다 한국건축규정과 관련된 관할 시ㆍ군ㆍ구의 조례를 평가하고, 개선ㆍ보완이 필요하다고 판단되는 경우 「건축법」 제4조에 따라 시ㆍ도지사가 두는 건축위원회의 심의를 거쳐 관할 시장ㆍ군수ㆍ구청장에게 개선ㆍ보완을 요구할 수 있다. 이 경우 관할 시장ㆍ군수ㆍ구청장은 정당한 이유가 없으면 이에 따라야 한다.

⑤ 국무총리 또는 행정안전부장관은 중앙행정기관 또는 지방자치단체에 대한 「정부업무평가 기본법」에 따른 정부업무평가 시 제25조제4항 및 이 조 제1항부터 제4항까지의 규정에 따른 개선 노력 등을 반영하여야 한다. <개정 2017. 7. 26., 2021. 7. 27.>

[본조신설 2015. 8. 11.]


부칙<법률 제8783호, 2007. 12. 21.>조문목록 없음   부      칙 <법률 제8783호, 2007. 12. 21.>

이 법은 공포 후 6개월이 경과한 날부터 시행한다.

부칙 <법률 제8852호, 2008. 2. 29.>조문목록 접기   부      칙 <법률 제8852호, 2008. 2. 29.> (정부조직법) 부칙 <법률 제8852호, 2008. 2. 29.>보기

제1조 (시행일) 이 법은 공포한 날부터 시행한다. 다만, ㆍㆍㆍ<생략>ㆍㆍㆍ, 부칙 제6조에 따라 개정되는 법률 중 이 법의 시행 전에 공포되었으나 시행일이 도래하지 아니한 법률을 개정한 부분은 각각 해당 법률의 시행일부터 시행한다.

제2조 부터 제5조까지 생략

제6조 (다른 법률의 개정) ① 부터 <551> 까지 생략

<552> 건축기본법 일부를 다음과 같이 개정한다.

제10조제1항ㆍ제2항ㆍ제4항ㆍ제5항, 제12조제4항 본문 및 단서, 제15조제1항, 제16조제1항ㆍ제2항 전단, 제20조 각 호 외의 부분 및 제21조제1항ㆍ제2항 중 “건설교통부장관”을 각각 “국토해양부장관”으로 한다.

제20조 각 호 외의 부분 및 제21조제2항 중 “문화관광부장관”을 각각 “문화체육관광부장관”으로 한다.

제20조 각 호 외의 부분 및 제21조제1항ㆍ제2항 중 “산업자원부장관”을 각각 “지식경제부장관”으로 한다.

<553> 부터 <760> 까지 생략

제7조 생략

부칙 <법률 제11690호,  2013. 3. 23.>조문목록 접기   부      칙 <법률 제11690호, 2013. 3. 23.> (정부조직법) 부칙 <법률 제11690호,  2013. 3. 23.>보기

제1조(시행일) ① 이 법은 공포한 날부터 시행한다.

② 생략

제2조 부터 제5조까지 생략

제6조(다른 법률의 개정) ①부터 <542>까지 생략

<543> 건축기본법 일부를 다음과 같이 개정한다.

제10조제1항ㆍ제2항ㆍ제4항ㆍ제5항, 제12조제4항 본문 및 단서, 제15조제1항, 제16조제1항, 같은 조 제2항 전단, 제20조 각 호 외의 부분 및 제21조제1항ㆍ제2항 중 “국토해양부장관”을 각각 “국토교통부장관”으로 한다.

제20조 각 호 외의 부분 및 제21조제1항ㆍ제2항 중 “지식경제부장관”을 각각 “산업통상자원부장관”으로 한다.

<544>부터 <710>까지 생략

제7조 생략

부칙 <법률 제13470호, 2015. 8. 11.>조문목록 접기   부      칙 <법률 제13470호, 2015. 8. 11.> 부칙 <법률 제13470호, 2015. 8. 11.>보기

제1조(시행일) 이 법은 공포 후 6개월이 경과한 날부터 시행한다.

제2조(다른 법률의 개정) 법률 제13325호 건축법 일부개정법률 일부를 다음과 같이 개정한다.

제11조제4항 각 호 외의 부분 본문 중 “제68조의2”를 “「건축기본법」 제25조”로 한다.

제68조의2를 삭제한다.

부칙 <법률 제14839호,  2017. 7. 26.>조문목록 접기   부      칙 <법률 제14839호, 2017. 7. 26.> (정부조직법) 부칙 <법률 제14839호,  2017. 7. 26.>보기

제1조(시행일) ① 이 법은 공포한 날부터 시행한다. 다만, 부칙 제5조에 따라 개정되는 법률 중 이 법 시행 전에 공포되었으나 시행일이 도래하지 아니한 법률을 개정한 부분은 각각 해당 법률의 시행일부터 시행한다.

제2조 부터 제4조까지 생략

제5조(다른 법률의 개정) ①부터 <206>까지 생략

<207> 건축기본법 일부를 다음과 같이 개정한다.

제26조제5항 중 “행정자치부장관”을 “행정안전부장관”으로 한다.

<208>부터 <382>까지 생략

제6조 생략

부칙<법률 제17453호, 2020. 6. 9.>조문목록 없음   부      칙 <법률 제17453호, 2020. 6. 9.> (법률용어 정비를 위한 국토교통위원회 소관 78개 법률 일부개정을 위한 법률)

이 법은 공포한 날부터 시행한다. <단서 생략>

부칙<법률 제18339호,  2021. 7. 27.>조문목록 없음   부      칙 <법률 제18339호, 2021. 7. 27.>

이 법은 공포 후 3개월이 경과한 날부터 시행한다.

부칙 <법률 제21065호,  2025. 10. 1.>조문목록 접기   부      칙 <법률 제21065호, 2025. 10. 1.> (정부조직법) 부칙 <법률 제21065호,  2025. 10. 1.>보기

제1조(시행일) 이 법은 공포한 날부터 시행한다. 다만, 부칙 제7조에 따라 개정되는 법률 중 이 법 시행 전에 공포되었으나 시행일이 도래하지 아니한 법률을 개정한 부분은 각각 해당 법률의 시행일부터ㆍㆍㆍ<생략>ㆍㆍㆍ 시행한다.

1. 및 2. 생략

제2조 부터 제6조까지 생략

제7조(다른 법률의 개정) ①부터 <436>까지 생략

<437> 건축기본법 일부를 다음과 같이 개정한다.

제20조 각 호 외의 부분 및 제21조제1항ㆍ제2항 중 “산업통상자원부장관”을 각각 “산업통상부장관”으로 한다.

<438>부터 <626>까지 생략

제8조 생략",https://www.law.go.kr/법령/건축기본법
A_003,문화예술진흥법,법,건축 미술,문화예술 진흥 및 의무 부과,미술작품 설치 의무화,일정규모 이상 건축물,"",https://www.law.go.kr/법령/문화예술진흥법
A_004,건축물관리법,법,유지 관리,안전 관리 및 유지 보수,"정기점검, 안전진단, 해체",관리대상 건축물,"",https://www.law.go.kr/법령/건축물관리법
A_005,국토의 계획 및 이용에 관한 법률,법,도시 계획,토지 이용 및 계획 수립,"개발행위허가, 용도지역 지정",토지 및 부속 건축물,"",https://www.law.go.kr/법령/국토의계획및이용에관한법률
D_001,건축법 시행령,시행령,건축 일반,세부 기준 및 절차 규정,"면적 산정, 인허가 절차 진행",모든 건축물,"",https://www.law.go.kr/법령/건축법시행령
D_002,건축기본법 시행령,시행령,건축 정책,정책 시행 세부절차,"위원회 구성, 기본계획 수립",모든 건축물 및 공간환경,"제1조(목적) 이 영은 「건축기본법」에서 위임된 사항과 그 시행에 필요한 사항을 규정함을 목적으로 한다.

조문체계도버튼연혁
 제2조(건축정책기본계획의 수립) ① 「건축기본법」(이하 “법”이라 한다) 제10조제3항에서 “대통령령으로 정하는 경미한 사항”이란 다음 각 호의 사항을 말한다.

1. 법 제11조제1호ㆍ제8호 및 제9호에 해당하는 사항

2. 제3조제1호ㆍ제2호 및 제4호부터 제6호까지의 규정에 해당하는 사항

② 국토교통부장관은 법 제10조제4항에 따라 관계 중앙행정기관의 장, 특별시장ㆍ광역시장ㆍ도지사ㆍ특별자치도지사(이하 “시ㆍ도지사”라 한다), 「공공기관의 운영에 관한 법률」에 따른 공공기관(이하 “공공기관”이라 한다)의 장 또는 단체의 장 등에게 소관별 계획의 제출을 요청할 때에는 법 제13조제1항에 따른 국가건축정책위원회(이하 “국가건축정책위원회”라 한다)의 심의를 거쳐 다음 각 호의 사항이 포함된 소관별 계획의 수립지침을 작성하여 송부하여야 한다. <개정 2013. 3. 23.>

1. 법 제10조에 따른 건축정책기본계획(이하 “건축정책기본계획”이라 한다) 수립의 배경 및 목적

2. 건축정책기본계획 수립의 기본방향

3. 소관별 계획의 작성요령

③ 국토교통부장관은 법 제10조제4항에 따라 소관별 계획을 제출받으면 다음 각 호의 사항을 검토하여야 한다. <개정 2013. 3. 23.>

1. 소관별 정책 또는 사업이 건축정책기본계획의 목적 및 기본방향과 부합하는지 여부

2. 소관별 정책 또는 사업의 타당성

3. 소관별 정책 또는 사업 간의 상충 여부

4. 소관별 정책 또는 사업의 우선순위와 중요도

5. 소관별 정책 또는 사업의 기대효과

6. 소요 재원의 확보 가능성

④ 법 제10조제4항에서 “대통령령으로 정하는 자료”란 국토교통부장관이 건축정책기본계획을 수립할 때 사전 조사가 필요한 사항으로서 법 제11조 각 호의 사항과 관련이 있는 각종 통계자료ㆍ보고서ㆍ도서 및 문서 등을 말한다. <개정 2013. 3. 23.>

조문체계도버튼
 제3조(건축정책기본계획의 내용) 법 제11조제11호의 “대통령령으로 정하는 건축진흥에 필요한 사항”이란 다음 각 호의 사항을 말한다.


1. 건축물에 대한 국민 교육과 홍보

2. 우수한 건축물 또는 공간환경의 보존에 관한 사항

3. 한옥의 보전 및 진흥에 관한 사항

4. 건축물과 공간환경에 관한 기록자료의 구축

5. 건축문화진흥 관련 주민자치기구의 설립과 운영 지원 등 주민참여 방안에 관한 사항

6. 그 밖에 국가건축정책위원회에서 건축문화진흥을 위하여 의결한 사항

조문체계도버튼
 제4조(지역건축기본계획의 수립 등) ① 법 제12조제1항에 따른 광역건축기본계획 및 기초건축기본계획(이하 “지역건축기본계획”이라 한다)에 포함되어야 할 사항은 지방자치단체의 조례로 정한다.

② 법 제12조제3항에 따라 시ㆍ도지사와 시장ㆍ군수ㆍ구청장(자치구의 구청장을 말한다. 이하 같다)은 지역건축기본계획 중 해당 계획의 기본방향에 중대한 영향을 미치지 아니하는 사항으로서 지방자치단체의 조례로 정하는 경미한 사항을 변경할 경우에는 법 제12조제2항에 따른 절차를 생략할 수 있다.

조문체계도버튼연혁
 제5조(당연직 위원) 법 제13조제3항제1호에서 “대통령령으로 정하는 관계 중앙행정기관의 장”이란 다음 각 호의 중앙행정기관의 장을 말한다. <개정 2010. 3. 15., 2010. 7. 12., 2011. 1. 26., 2013. 3. 23., 2014. 11. 19., 2017. 7. 26., 2025. 10. 1., 2025. 12. 30.>


1. 재정경제부장관

2. 교육부장관

3. 삭제 <2011. 1. 26.>

4. 삭제 <2011. 1. 26.>

5. 삭제 <2011. 1. 26.>

6. 삭제 <2011. 1. 26.>

7. 행정안전부장관

8. 문화체육관광부장관

9. 농림축산식품부장관

10. 산업통상부장관

11. 보건복지부장관

12. 기후에너지환경부장관

13. 삭제 <2011. 1. 26.>

14. 삭제 <2011. 1. 26.>

15. 국토교통부장관

16. 해양수산부장관

17. 중소벤처기업부장관

조문체계도버튼연혁
 제6조(위촉위원의 임기) ① 법 제13조제3항제2호에 따른 국가건축정책위원회의 위촉위원(이하 “위촉위원”이라 한다)의 임기는 2년으로 하되, 한 번만 연임할 수 있다. <개정 2021. 11. 30.>

② 위촉위원은 제1항에 따른 임기가 만료된 경우에도 후임위원이 위촉될 때까지 그 직무를 수행할 수 있다. <신설 2021. 11. 30.>

조문체계도버튼
 제7조(위원장의 직무) ① 국가건축위원회의 위원장은 국가건축정책위원회를 대표하고 국가건축정책위원회의 업무를 총괄한다.

② 위원장이 부득이한 사유로 직무를 수행할 수 없을 때에는 위원장이 미리 지명한 위원이 그 직무를 대행한다.

조문체계도버튼
 제8조(위원회 회의) ① 국가건축정책위원회의 위원장은 국가건축정책위원회의 회의를 소집하고, 그 의장이 된다.

② 국가건축정책위원회의 회의는 재적위원 과반수의 출석으로 개의하고, 출석위원 과반수의 찬성으로 의결한다.

조문체계도버튼
 제9조(간사) 국가건축정책위원회의 서무를 처리하기 위하여 국가건축정책위원회에 간사 1명을 두되, 간사는 법 제17조에 따른 기획단의 장이 된다.

조문체계도버튼연혁
 제10조(분과위원회) ① 법 제13조제4항에 따라 국가건축정책위원회에 정책조정분과위원회, 국토환경디자인분과위원회 및 건축문화진흥분과위원회를 둔다.

② 제1항의 정책조정분과위원회는 다음 각 호의 사항을 심의한다. <개정 2016. 2. 11.>

1. 건축정책기본계획에 관한 사항

2. 중앙행정기관 간 건축정책의 조정에 관한 사항

3. 건축물 및 공간환경의 기획ㆍ설계 등에 대한 심의ㆍ조정

4. 건축제도의 개선에 관한 사항

5. 법 제26조제2항에 따른 한국건축규정 내용의 개선ㆍ보완에 관한 사항

6. 그 밖의 다른 분과위원회의 소관에 속하지 아니하는 사항

③ 제1항의 국토환경디자인분과위원회는 다음 각 호의 사항을 심의한다.

1. 건축디자인 향상에 관한 사항

2. 법 제22조에 따른 건축디자인 시범사업에 관한 사항

3. 제21조제2항에 따른 민간전문가 추천에 관한 사항

4. 지속가능한 경관조성 및 환경보전에 관한 사항

④ 제1항의 건축문화진흥분과위원회는 다음 각 호의 사항을 심의한다.

1. 건축문화진흥을 위한 사업의 추진 및 지원에 관한 사항

2. 기초 건축교육 프로그램의 개발ㆍ운영에 관한 사항

3. 전문 건축교육 프로그램의 개발ㆍ운영에 관한 사항

4. 건축교육정책에 관한 사항

5. 건축 분야 전문인력의 양성과 그 지원에 관한 사항

6. 우수 설계기법의 연구 지원 및 첨단기술의 개발 지원

⑤ 각 분과위원회(이하 “분과위원회”라 한다)는 위원장 1명을 포함하여 7명 이상 13명 이내의 위원으로 구성하되, 위원장 및 위원은 국가건축정책위원회 위원 중에서 국가건축정책위원회의 위원장이 지명한다.

⑥ 국가건축정책위원회는 건축에 관한 전문적ㆍ기술적인 사항에 관하여 자문하기 위하여 관계 전문가로 구성된 자문단을 설치ㆍ운영할 수 있다.

⑦ 분과위원회 및 자문단의 운영 등 그 밖에 필요한 사항은 국가건축정책위원회의 의결을 거쳐 국가건축정책위원회의 위원장이 정한다.

조문체계도버튼
 제11조(관계기관 등에의 협조 요청) 국가건축정책위원회는 업무를 수행하기 위하여 필요하면 관계 행정기관의 공무원 또는 관계 전문가를 국가건축정책위원회에 참석하게 하여 의견을 듣거나 관계 기관ㆍ단체 등에 대하여 자료 및 의견의 제출 등 필요한 협조를 요청할 수 있다.

조문체계도버튼
 제12조(조사ㆍ연구의 의뢰) ① 국가건축정책위원회는 업무를 수행하기 위하여 필요하면 관계 전문가 또는 관계 기관ㆍ단체 등에 조사 또는 연구를 의뢰할 수 있다.

② 제1항에 따라 관계 전문가 등에 조사 또는 연구를 의뢰한 경우에는 예산의 범위에서 필요한 경비를 지급할 수 있다.

조문체계도버튼
 제13조(수당 등) 국가건축정책위원회의 위원, 직원과 관계 공무원 또는 관계 전문가에게는 예산의 범위에서 수당ㆍ여비나 그 밖에 필요한 경비를 지급할 수 있다. 다만, 공무원인 위원이 소관 업무와 직접 관련하여 국가건축정책위원회에 출석하는 경우에는 그러하지 아니하다.

조문체계도버튼
 제14조(운영 세칙) 이 영에서 정한 사항 외에 국가건축정책위원회 및 분과위원회의 운영 등에 필요한 사항은 국가건축정책위원회의 의결을 거쳐 국가건축정책위원회의 위원장이 정한다.

조문체계도버튼연혁
 제15조(건축 기본조사) 법 제16조제1항에서 “대통령령으로 정하는 사항”이란 다음 각 호의 사항을 말한다. <개정 2013. 3. 23.>


1. 건축 선진국의 건축 현황과 건축정책에 관한 사항

2. 건축에 대한 사회적ㆍ경제적 전망

3. 건축 관련 전문인력의 교육ㆍ 양성ㆍ 활동 및 해외진출 등 현황

4. 건축물 및 공간환경에 관한 기록 자료를 구축하기 위하여 필요한 사항

5. 건축문화유산의 유지ㆍ관리 및 보존 현황

6. 건축문화진흥을 위한 사업에의 지원 실태

7. 그 밖에 법 제15조에 따른 국회 보고를 위하여 국토교통부장관이 필요하다고 인정하는 사항

조문체계도버튼연혁
 제16조(기획단) ① 법 제17조에 따라 설치된 기획단은 다음 각 호의 업무를 수행한다.

1. 국가건축정책위원회와 분과위원회의 회의 준비

2. 국가건축정책위원회와 분과위원회에 상정되는 안건의 작성

3. 국가건축정책위원회의 업무와 관련된 전문적인 조사ㆍ연구

4. 그 밖에 국가건축정책위원회 및 분과위원회의 모든 업무 지원

② 기획단의 장은 국토교통부의 건축정책업무를 담당하는 고위공무원단에 속하는 고위공무원이 겸직한다. <개정 2013. 3. 23.>

③ 국가건축정책위원회의 위원장은 기획단의 업무을 수행하기 위하여 필요하다고 인정하는 경우에는 관련 분야의 전문가를 임기제공무원으로 둘 수 있다. <개정 2013. 11. 20.>

④ 제1항부터 제3항까지에 규정된 사항 외에 기획단의 조직 및 운영 등에 필요한 사항은 국가건축정책위원회의 의결을 거쳐 국가건축정책위원회의 위원장이 정한다.

조문체계도버튼
 제17조(지역건축위원회) 법 제18조제2항 단서에서 “대통령령으로 정하는 관련 위원회”란 「건축법」 제4조에 따라 설치된 건축위원회를 말한다.

조문체계도버튼연혁
 제18조(건축문화진흥을 위한 재정지원) ① 국토교통부장관은 법 제20조에 따라 문화체육관광부장관 및 산업통상부장관과 협의하려면 사전에 재정지원이 필요한 사업의 규모, 총사업비 및 사업기간 등의 사항을 포함한 재정지원 계획서를 작성하여 송부하여야 한다. <개정 2013. 3. 23., 2025. 10. 1.>

② 법 제20조제7호에서 “대통령령으로 정하는 사업”이란 다음 각 호의 사업을 말한다.

1. 우수한 건축물과 공간환경을 보존하고 계승ㆍ발전시키기 위한 사업

2. 건축문화진흥사업을 추진하기 위한 법인 또는 단체의 설립

3. 건축물과 공간환경에 관한 기록자료의 구축사업

4. 그 밖에 건축문화진흥을 위하여 국가건축정책위원회에서 지원이 필요하다고 인정한 사업

조문체계도버튼연혁
 제19조(건축디자인 기준의 설정) 국토교통부장관은 법 제21조제1항 및 제2항에 따라 건축디자인 기준을 설정할 경우에는 다음 각 호의 내용을 포함하여야 한다. <개정 2013. 3. 23.>


1. 국가 경쟁력을 높일 수 있는 건축디자인 체계의 확립에 관한 사항

2. 건축디자인 기준의 목표 및 적용대상에 관한 사항

3. 건축디자인 기준의 실효성 확보 방안에 관한 사항

4. 국가 및 지방자치단체가 설정하는 건축디자인의 조성 목표와 그 수행 과정에 관한 사항

조문체계도버튼연혁
 제20조(건축디자인 시범사업의 실시) ① 중앙행정기관의 장, 시ㆍ도지사 또는 시장ㆍ군수ㆍ구청장은 법 제22조제1항에 따른 건축디자인 시범사업(이하 “시범사업”이라 한다)을 지정하려는 경우에는 다음 각 호에 따라 국가건축정책위원회 또는 법 제18조에 따른 시ㆍ도건축정책위원회(이하 “광역건축정책위원회”라 한다)의 심의를 거쳐야 한다.

1. 중앙행정기관의 장이 지정하는 경우: 국가건축정책위원회

2. 시ㆍ도지사 또는 시장ㆍ군수ㆍ구청장이 지정하는 경우: 광역건축정책위원회. 다만, 중앙행정기관의 재정지원이 필요한 경우에는 국가건축정책위원회로 한다.

② 법 제22조제1항제3호 중 “대통령령으로 정하는 사업”이란 다음 각 호의 구역이나 지구의 기능을 증진시킬 수 있는 사업을 말한다. <개정 2017. 12. 29.>

1. 「건축법」 제69조제1항에 따라 지정된 특별건축구역

2. 「국토의 계획 및 이용에 관한 법률」 제37조제1항에 따라 결정된 경관지구

③ 시범사업 중 국가건축정책위원회 또는 광역건축정책위원회가 특별히 중요하다고 인정하는 시범사업의 사업자는 시범사업의 건축디자인에 관한 조정 및 심의를 담당할 건축디자인조정위원회를 구성ㆍ운영하여야 한다. 이 경우 중앙행정기관의 장 또는 시ㆍ도지사가 지정하는 시범사업의 건축디자인조정위원회의 구성 및 운영 등에 필요한 사항은 각각 국가건축정책위원회가 정하거나 또는 해당 지방자치단체의 조례로 정한다.

④ 국가ㆍ지방자치단체 및 공공기관은 시범사업을 추진할 경우에는 제21조제1항에 따라 위촉된 민간전문가를 시범사업의 기획ㆍ설계ㆍ총괄ㆍ조정 등의 업무 담당자로 우선 지정할 수 있다.

⑤ 국가ㆍ지방자치단체 및 공공기관은 시범사업을 추진할 경우 기획제안(시범사업의 목표와 내용 등을 검토하고 설계에 영향을 미치는 모든 요구를 통합적으로 수렴하여 시범사업의 개발 방향ㆍ규모 및 추진계획 등을 제안하는 용역을 말한다), 개선제안(기존의 건축물 또는 공간환경을 지속가능하게 조성하기 위하여 건축물 또는 공간환경의 유지ㆍ관리 방안과 성능 향상 방안, 용도변경 등을 통한 건축물 또는 공간환경의 보존ㆍ재활용 및 재생 방안 등을 제안하는 용역을 말한다) 및 설계공모 등 건축디자인 개선을 위한 다양한 방안을 강구하여야 한다.

조문체계도버튼
 제21조(민간전문가의 참여) ① 중앙행정기관의 장 또는 지방자치단체의 장은 법 제23조제1항에 따라 다음 각 호의 어느 하나에 해당하는 사람을 민간전문가로 위촉할 수 있다.

1. 「건축사법」에 따른 건축사

2. 건축ㆍ도시 또는 조경 관련 기술사(「국가기술자격법」에 따른 기술사를 말한다)

3. 대학에서 건축ㆍ도시 또는 조경 관련 학문을 전공한 사람으로서 「고등교육법」 제2조에 따른 학교 또는 이에 준하는 학교나 공인된 연구기관에서 부교수 이상의 직 또는 이에 상당하는 직에 있거나 있었던 사람

② 국가건축정책위원회는 제1항 각 호의 어느 하나에 해당하는 사람 중 건축분야에 풍부한 경험과 전문적 식견을 가졌다고 인정되는 사람을 민간전문가로 추천할 수 있다.

③ 제1항에 따라 위촉된 민간전문가의 업무범위는 다음 각 호와 같다.

1. 국가 또는 지방자치단체에서 시행하는 건축ㆍ도시 관련 기획 및 설계 업무에 대한 조정

2. 국가 또는 지방자치단체의 건축정책에 대한 자문과 건축민원 업무의 처리

3. 다수의 사업자 또는 설계자들이 참여하는 대규모 개발사업에 대한 총괄ㆍ조정 및 관리

4. 건축디자인에 대한 전반적인 자문과 건축디자인 시범사업 등에 대한 기획ㆍ설계 등

④ 제1항에 따라 위촉된 민간전문가의 보수는 예산의 범위에서 지급할 수 있다.

조문체계도버튼연혁
 제22조(한국건축규정의 관리) ① 법 제25조제3항에서 “대통령령으로 정하는 기관 또는 단체”란 다음 각 호의 기관 또는 단체 중에서 국토교통부장관이 정하여 고시하는 기관 또는 단체를 말한다. <신설 2021. 10. 26., 2022. 7. 26.>

1. 「건축사법」 제31조에 따른 대한건축사협회

2. 「과학기술분야 정부출연연구기관 등의 설립ㆍ운영 및 육성에 관한 법률」 제8조에 따른 한국건설기술연구원

3. 「정부출연연구기관 등의 설립ㆍ운영 및 육성에 관한 법률」 제8조에 따른 국토연구원 및 건축공간연구원

4. 「공공기관의 운영에 관한 법률」 제4조에 따른 공공기관

5. 「민법」 제32조에 따라 건축 분야의 발전을 목적으로 국토교통부장관의 허가를 받아 설립된 비영리법인

6. 그 밖에 법 제25조제2항에 따른 한국건축규정 정보체계의 관리에 필요한 전문 인력과 조직을 갖췄다고 국토교통부장관이 인정하는 기관 또는 단체

② 중앙행정기관의 장 및 지방자치단체의 장은 법 제25조제4항에 따라 소관하는 건축물 관련 규정(같은 조 제1항에 따른 건축물 관련 규정을 말한다. 이하 같다)이 제정, 개정 또는 폐지되는 경우에는 해당 규정이 관보 또는 공보에 공포되기 전(관보 또는 공보에 공포되지 않는 규정에 대해서는 「행정업무의 운영 및 혁신에 관한 규정」 제11조에 따라 문서를 등록하기 전으로 한다)에 그 공포 예정일(관보 또는 공보에 공포되지 않는 규정에 대해서는 문서등록 예정일로 한다)을 지정하여 국토교통부장관에게 전자문서로 송부해야 한다. <개정 2016. 4. 26., 2021. 10. 26., 2023. 6. 27.>

③ 국토교통부장관은 제정, 개정 또는 폐지되는 다음 각 호의 규정이 제때에 법 제25조제1항에 따른 한국건축규정(이하 “한국건축규정”이라 한다)에 반영되도록 조치해야 한다. <개정 2021. 10. 26.>

1. 국토교통부장관이 소관하는 건축물 관련 규정

2. 제2항에 따라 송부받은 규정

[본조신설 2016. 2. 11.]

조문체계도버튼연혁
 제23조(한국건축규정 협의회의 구성ㆍ운영) ① 법 제26조제1항에 따른 한국건축규정 협의회(이하 “협의회”라 한다)는 위원장 1명을 포함하여 10명 이상 25명 이내의 위원으로 구성한다.

② 협의회의 위원장은 국토교통부 건축정책관이 된다.

③ 협의회의 위원은 다음 각 호의 어느 하나에 해당하는 사람 중에서 국토교통부장관이 임명한다. <개정 2017. 7. 26., 2025. 10. 1., 2025. 12. 30.>

1. 다음 각 목의 중앙행정기관의 장이 추천하는 4급 이상(고위공무원단에 속하는 공무원을 포함한다. 이하 같다) 또는 이에 상당하는 공무원

가. 재정경제부

나. 교육부

다. 과학기술정보통신부

라. 법무부

마. 문화체육관광부

바. 농림축산식품부

사. 산업통상부

아. 보건복지부

자. 그 밖에 건축물 관련 규정을 소관하는 중앙행정기관

2. 국토교통부의 건축물 관련 규정 업무 담당 4급 이상 또는 이에 상당하는 공무원

3. 특별시ㆍ광역시ㆍ도ㆍ특별자치도의 건축물 관련 규정 업무 담당 4급 이상 또는 이에 상당하는 공무원으로서 해당 지방자치단체의 장이 추천하는 사람

④ 협의회의 위원장은 협의회의 회의를 소집하며, 회의 개최 7일 전까지 회의의 일시ㆍ장소 및 안건 등을 각 위원에게 알려야 한다. 다만, 긴급한 사유가 있는 경우에는 회의 개최일 전날까지 알릴 수 있다.

⑤ 협의회는 필요하면 건축에 관한 학식 또는 경험이 풍부한 사람을 회의에 출석하게 하여 의견을 듣거나 설명하게 할 수 있다.

[본조신설 2016. 2. 11.]

조문체계도버튼
 제24조(한국건축규정 내용의 개선ㆍ보완 요구) ① 국토교통부장관은 법 제26조제2항에 따라 한국건축규정 내용의 개선ㆍ보완에 대하여 국가건축정책위원회의 심의를 요청하는 경우에는 미리 관계 기관의 장과 협의하여야 한다.

② 제1항에 따라 협의를 요청받은 관계 기관의 장은 특별한 사유가 없으면 요청을 받은 날부터 20일 이내에 의견을 제출하여야 한다.

③ 국토교통부장관은 법 제26조제2항에 따라 한국건축규정 내용의 개선ㆍ보완에 대하여 국가건축정책위원회의 심의를 거친 경우에는 심의 완료 후 10일 이내에 그 결과를 관계 기관의 장에게 통보하여야 한다.

[본조신설 2016. 2. 11.]


부칙<대통령령 제20852호, 2008. 6. 20.>조문목록 없음   부      칙 <대통령령 제20852호, 2008. 6. 20.>

이 영은 2008년 6월 22일부터 시행한다.

부칙 <대통령령 제22075호,  2010. 3. 15.>조문목록 접기   부      칙 <대통령령 제22075호, 2010. 3. 15.> (보건복지부와 그 소속기관 직제) 부칙 <대통령령 제22075호,  2010. 3. 15.>보기

제1조(시행일) 이 영은 2010년 3월 19일부터 시행한다. <단서 생략>

제2조(다른 법령의 개정) ① 부터 ⑥ 까지 생략

⑦ 건축기본법 시행령 일부를 다음과 같이 개정한다.

제5조제11호 및 제14호를 각각 다음과 같이 한다.

11. 보건복지부장관

14. 여성가족부장관

⑧ 부터 <187> 까지 생략

부칙 <대통령령 제22269호,  2010. 7. 12.>조문목록 접기   부      칙 <대통령령 제22269호, 2010. 7. 12.> (고용노동부와 그 소속기관 직제) 부칙 <대통령령 제22269호,  2010. 7. 12.>보기

제1조(시행일) 이 영은 공포한 날부터 시행한다. <단서 생략>

제2조(다른 법령의 개정) ① 부터 ⑨ 까지 생략

⑩ 건축기본법 시행령 일부를 다음과 같이 개정한다.

제5조제13호를 다음과 같이 한다.

13. 고용노동부장관

⑪ 부터 <136> 까지 생략

부칙<대통령령 제22640호, 2011. 1. 26.>조문목록 없음   부      칙 <대통령령 제22640호, 2011. 1. 26.>

이 영은 공포한 날부터 시행한다.

부칙<대통령령 제24475호, 2013. 3. 23.>조문목록 없음   부      칙 <대통령령 제24475호, 2013. 3. 23.>

이 영은 공포한 날부터 시행한다.

부칙 <대통령령 제24852호,  2013. 11. 20.>조문목록 접기   부      칙 <대통령령 제24852호, 2013. 11. 20.> (공무원임용령) 부칙 <대통령령 제24852호,  2013. 11. 20.>보기

제1조(시행일) 이 영은 2013년 12월 12일부터 시행한다.

제2조 부터 제7조까지 생략

제8조(다른 법령의 개정) ① 생략

② 건축기본법 시행령 일부를 다음과 같이 개정한다.

제16조제3항 중 “계약직공무원”을 “임기제공무원”으로 한다.

③부터 ㊿까지 생략

제9조 생략

부칙 <대통령령 제25751호,  2014. 11. 19.>조문목록 접기   부      칙 <대통령령 제25751호, 2014. 11. 19.> (행정자치부와 그 소속기관 직제) 부칙 <대통령령 제25751호,  2014. 11. 19.>보기

제1조(시행일) 이 영은 공포한 날부터 시행한다. 다만, 부칙 제5조에 따라 개정되는 대통령령 중 이 영 시행 전에 공포되었으나 시행일이 도래하지 아니한 대통령령을 개정한 부분은 각각 해당 대통령령의 시행일부터 시행한다.

제2조 부터 제4조까지 생략

제5조(다른 법령의 개정) ①부터 <348>까지 생략

<349> 건축기본법 시행령 일부를 다음과 같이 개정한다.

제5조제7호를 다음과 같이 한다.

7. 행정자치부장관

<350>부터 <418>까지 생략

부칙<대통령령 제26973호, 2016. 2. 11.>조문목록 없음   부      칙 <대통령령 제26973호, 2016. 2. 11.>

이 영은 2016년 2월 12일부터 시행한다.

부칙 <대통령령 제27103호,  2016. 4. 26.>조문목록 접기   부      칙 <대통령령 제27103호, 2016. 4. 26.> (행정 효율과 협업 촉진에 관한 규정) 부칙 <대통령령 제27103호,  2016. 4. 26.>보기

제1조(시행일) 이 영은 공포한 날부터 시행한다.

제2조(다른 법령의 개정) ① 건축기본법 시행령 일부를 다음과 같이 개정한다.

제22조제1항 중 “「행정업무의 효율적 운영에 관한 규정」”을 “「행정 효율과 협업 촉진에 관한 규정」”으로 한다.

②부터 ⑩까지 생략

제3조 생략

부칙 <대통령령 제28211호,  2017. 7. 26.>조문목록 접기   부      칙 <대통령령 제28211호, 2017. 7. 26.> (행정안전부와 그 소속기관 직제) 부칙 <대통령령 제28211호,  2017. 7. 26.>보기

제1조(시행일) 이 영은 공포한 날부터 시행한다. 다만, 부칙 제8조에 따라 개정되는 대통령령 중 이 영 시행 전에 공포되었으나 시행일이 도래하지 아니한 대통령령을 개정한 부분은 각각 해당 대통령령의 시행일부터 시행한다.

제2조 부터 제7조까지 생략

제8조(다른 법령의 개정) ①부터 <275>까지 생략

<276> 건축기본법 시행령 일부를 다음과 같이 개정한다.

제5조제7호를 다음과 같이 하고, 같은 조에 제17호를 다음과 같이 신설한다.

7. 행정안전부장관

17. 중소벤처기업부장관

제23조제3항제1호다목을 다음과 같이 한다.

다. 과학기술정보통신부

<277>부터 <388>까지 생략

부칙 <대통령령 제28553호,  2017. 12. 29.>조문목록 접기   부      칙 <대통령령 제28553호, 2017. 12. 29.> (국토의 계획 및 이용에 관한 법률 시행령) 부칙 <대통령령 제28553호,  2017. 12. 29.>보기

제1조(시행일) 이 영은 2018년 4월 19일부터 시행한다. <단서 생략>

제2조 부터 제5조까지 생략

제6조(다른 법령의 개정) ① 건축기본법 시행령 일부를 다음과 같이 개정한다.

제20조제2항제2호 중 “경관지구 또는 미관지구”를 “경관지구”로 한다.

②부터 ⑤까지 생략

부칙<대통령령 제32095호,  2021. 10. 26.>조문목록 없음   부      칙 <대통령령 제32095호, 2021. 10. 26.>

이 영은 2021년 10월 28일부터 시행한다.

부칙 <대통령령 제32170호,  2021. 11. 30.>조문목록 접기   부      칙 <대통령령 제32170호, 2021. 11. 30.> (대통령 소속 위원회의 업무 연속성 확보를 위한 4개 법령의 일부개정에 관한 대통령령) 부칙 <대통령령 제32170호,  2021. 11. 30.>보기

제1조(시행일) 이 영은 공포한 날부터 시행한다.

제2조(위촉위원의 직무계속에 관한 일반적 적용례) 이 영은 이 영 시행 이후 임기가 만료되는 위촉위원부터 적용한다.

부칙 <대통령령 제32825호,  2022. 7. 26.>조문목록 접기   부      칙 <대통령령 제32825호, 2022. 7. 26.> (건축사법 시행령) 부칙 <대통령령 제32825호,  2022. 7. 26.>보기

제1조(시행일) 이 영은 2022년 8월 4일부터 시행한다. <단서 생략>

제2조 및 제3조 생략

제4조(다른 법령의 개정) ① 건축기본법 시행령 일부를 다음과 같이 개정한다.

제22조제1항제1호 중 “건축사협회”를 “대한건축사협회”로 한다.

②부터 ⑤까지 생략

부칙 <대통령령 제33575호,  2023. 6. 27.>조문목록 접기   부      칙 <대통령령 제33575호, 2023. 6. 27.> (행정업무의 운영 및 혁신에 관한 규정) 부칙 <대통령령 제33575호,  2023. 6. 27.>보기

제1조(시행일) 이 영은 공포한 날부터 시행한다. <단서 생략>

제2조 생략

제3조(다른 법령의 개정) ① 건축기본법 시행령 일부를 다음과 같이 개정한다.

제22조제2항 중 “「행정 효율과 협업 촉진에 관한 규정」”을 “「행정업무의 운영 및 혁신에 관한 규정」”으로 한다.

②부터 ⑮까지 생략

부칙<대통령령 제35811호,  2025. 10. 1.>조문목록 없음   부      칙 <대통령령 제35811호, 2025. 10. 1.> (정부조직 개편 반영을 위한 306개 법령의 일부개정에 관한 대통령령)

이 영은 공포한 날부터 시행한다. 다만, 이 영에 따라 개정되는 대통령령 중 이 영 시행 전에 공포되었으나 시행일이 도래하지 아니한 대통령령을 개정한 부분은 각각 해당 대통령령의 시행일부터 시행한다.

부칙 <대통령령 제35947호,  2025. 12. 30.>조문목록 접기   부      칙 <대통령령 제35947호, 2025. 12. 30.> (재정경제부 직제) 부칙 <대통령령 제35947호,  2025. 12. 30.>보기

제1조(시행일) 이 영은 2026년 1월 2일부터 시행한다. 다만, 부칙 제6조에 따라 개정되는 대통령령 중 이 영 시행 전에 공포되었으나 시행일이 도래하지 않은 대통령령을 개정한 부분은 각각 해당 대통령령의 시행일부터 시행한다.

제2조 부터 제5조까지 생략

제6조(다른 법령의 개정) ①부터 <234>까지 생략

<235> 건축기본법 시행령 일부를 다음과 같이 개정한다.

제5조제1호 중 “기획재정부장관”을 “재정경제부장관”으로 한다.

제23조제3항제1호가목 중 “기획재정부”를 “재정경제부”로 한다.

<236>부터 <313>까지 생략",https://www.law.go.kr/법령/건축기본법시행령
D_003,문화예술진흥법 시행령,시행령,건축 미술,설치 대상 및 금액 산정 기준,미술작품 설치비용 산정 및 심의,연면적 1만㎡ 이상 건축물,"""번역원""이라 한다)”을 “전당”으로 한다.

제35조 중 “전당과 번역원”을 “전당”으로 한다.

부칙 <대통령령 제23318호, 2011. 11. 25.>조문목록 접기   부      칙 <대통령령 제23318호, 2011. 11. 25.> 부칙 <대통령령 제23318호, 2011. 11. 25.>보기

제1조(시행일) 이 영은 2011년 11월 26일부터 시행한다.

제2조(미술장식의 감정ㆍ평가에 관한 경과조치) 이 영 시행 당시 시장ㆍ군수에게 신청된 미술장식의 가격과 예술성 등에 대한 감정ㆍ평가의 처리에 관하여는 제13조 및 제14조의 개정규정에도 불구하고 종전의 규정에 따른다.

제3조(다른 법령의 개정) ① 「과세자료의 제출 및 관리에 관한 법률 시행령」 일부를 다음과 같이 개정한다.

별표 제35호 과세자료명란 중 “미술장식”을 “미술작품”으로, “미술장식심의위원회”를 “미술작품심의위원회”로 한다.

② 「신행정수도 후속대책을 위한 연기ㆍ공주지역 행정중심복합도시 건설을 위한 특별법 시행령」 일부를 다음과 같이 개정한다.

제28조의3제1항제1호 중 “미술장식심의위원회”를 “미술작품심의위원회”로 한다.

부칙 <대통령령 제23718호,  2012. 4. 10.>조문목록 접기   부      칙 <대통령령 제23718호, 2012. 4. 10.> (국토의 계획 및 이용에 관한 법률 시행령) 부칙 <대통령령 제23718호,  2012. 4. 10.>보기

제1조(시행일) 이 영은 2012년 4월 15일부터 시행한다. <단서 생략>

제2조 부터 제13조까지 생략

제14조(다른 법령의 개정) ①부터 ㉜까지 생략

㉝ 문화예술진흥법 시행령 일부를 다음과 같이 개정한다.

제6조제1항제2호 중 “도시관리계획”을 “도시ㆍ군관리계획”으로 하고, 같은 항 제3호 중 “제1종 지구단위계획”을 “지구단위계획”으로, “제1종 지구단위계획구역”을 “지구단위계획구역”으로, “제1종 지구 단위계획구역”을 “지구단위계획구역”으로 한다.

㉞부터 <85>까지 생략

제15조 생략

부칙<대통령령 제24043호, 2012. 8. 13.>조문목록 없음   부      칙 <대통령령 제24043호, 2012. 8. 13.>

이 영은 2012년 8월 18일부터 시행한다.

부칙 <대통령령 제24314호,  2013. 1. 16.>조문목록 접기   부      칙 <대통령령 제24314호, 2013. 1. 16.> (정부 표창 규정) 부칙 <대통령령 제24314호,  2013. 1. 16.>보기

제1조(시행일) 이 영은 공포한 날부터 시행한다.

제2조(다른 법령의 개정) ①부터 ⑧까지 생략

⑨ 문화예술진흥법 시행령 일부를 다음과 같이 개정한다.

제17조제2항 중 “「정부표창규정」”을 “「정부 표창 규정」”으로 한다.

⑩부터 ⑫까지 생략

부칙 <대통령령 제24453호,  2013. 3. 23.>조문목록 접기   부      칙 <대통령령 제24453호, 2013. 3. 23.> (문화체육관광부와 그 소속기관 직제) 부칙 <대통령령 제24453호,  2013. 3. 23.>보기

제1조(시행일) 이 영은 공포한 날부터 시행한다.

제2조 부터 제4조까지 생략

제5조(다른 법령의 개정) ①부터 ⑫까지 생략

⑬ 문화예술진흥법 시행령 일부를 다음과 같이 개정한다.

제12조제3항 본문 중 “국토해양부장관”을 “국토교통부장관”으로 한다

⑭부터 ⑯까지 생략

부칙<대통령령 제25050호, 2013. 12. 30.>조문목록 없음   부      칙 <대통령령 제25050호, 2013. 12. 30.> (행정규제기본법 개정에 따른 규제 재검토기한 설정을 위한 주택법 시행령 등 일부개정령)

이 영은 2014년 1월 1일부터 시행한다. <단서 생략>

부칙 <대통령령 제25268호,  2014. 3. 24.>조문목록 접기   부      칙 <대통령령 제25268호, 2014. 3. 24.> (문화기본법 시행령) 부칙 <대통령령 제25268호,  2014. 3. 24.>보기

제1조(시행일) 이 영은 2014년 3월 31일부터 시행한다.

제2조(다른 법령의 개정) 문화예술진흥법 시행령 일부를 다음과 같이 개정한다.

제16조를 삭제한다.

부칙 <대통령령 제25273호,  2014. 3. 24.>조문목록 접기   부      칙 <대통령령 제25273호, 2014. 3. 24.> (건축법 시행령) 부칙 <대통령령 제25273호,  2014. 3. 24.>보기

제1조(시행일) 이 영은 공포한 날부터 시행한다. <단서 생략>

제2조 및 제3조 생략

제4조(다른 법령의 개정) ①부터 ④까지 생략

⑤ 문화예술진흥법 시행령 일부를 다음과 같이 개정한다.

제12조제1항제2호 중 “제1종 근린생활시설(「건축법 시행령」 별표 1 제3호바목부터 자목까지의 시설은 제외한다)”을 “제1종 근린생활시설[「건축법 시행령」 별표 1 제3호바목, 사목 및 아목(도시가스배관시설은 제외한다)의 시설은 제외한다]”로 한다.

⑥부터 ⑬까지 생략

제5조 생략

부칙 <대통령령 제25509호,  2014. 7. 28.>조문목록 접기   부      칙 <대통령령 제25509호, 2014. 7. 28.> (지역문화진흥법 시행령) 부칙 <대통령령 제25509호,  2014. 7. 28.>보기

제1조(시행일) 이 영은 2014년 7월 29일부터 시행한다.

제2조(다른 법령의 개정) ① 생략

② 문화예술진흥법 시행령 일부를 다음과 같이 개정한다.

제5조부터 제11조까지 및 제26조를 각각 삭제한다.

제3조 생략

부칙 <대통령령 제26683호, 2015. 11. 30.>조문목록 접기   부      칙 <대통령령 제26683호, 2015. 11. 30.> (기준 중위소득 도입 및 맞춤형 급여체계 개편에 따른 고등교육법 시행령 등 일부개정령) 부칙 <대통령령 제26683호, 2015. 11. 30.>보기

제1조(시행일) 이 영은 2016년 1월 1일부터 시행한다.

제2조 생략

부칙 <대통령령 제26763호,  2015. 12. 28.>조문목록 접기   부      칙 <대통령령 제26763호, 2015. 12. 28.> (민간임대주택에 관한 특별법 시행령) 부칙 <대통령령 제26763호,  2015. 12. 28.>보기

제1조(시행일) 이 영은 2015년 12월 29일부터 시행한다.

제2조 부터 제8조까지 생략

제9조(다른 법령의 개정) ①부터 ⑦까지 생략

⑧ 문화예술진흥법 시행령 일부를 다음과 같이 개정한다.

제12조제1항제1호 중 “「임대주택법」”을 “「공공주택 특별법」”으로 한다.

⑨부터 ㉖까지 생략

제10조 생략

부칙<대통령령 제26774호, 2015. 12. 30.>조문목록 없음   부      칙 <대통령령 제26774호, 2015. 12. 30.> (주민등록번호 수집 최소화를 위한 6ㆍ25 전사자유해의 발굴 등에 관한 법률 시행령 등 일부개정령)

이 영은 공포한 날부터 시행한다. <단서 생략>

부칙<대통령령 제26802호, 2015. 12. 30.>조문목록 없음   부      칙 <대통령령 제26802호, 2015. 12. 30.> (규제 재검토기한 설정을 위한 관광진흥법 시행령 등 일부개정령)

이 영은 공포한 날부터 시행한다.

부칙 <대통령령 제26839호, 2015. 12. 31.>조문목록 접기   부      칙 <대통령령 제26839호, 2015. 12. 31.> (법령서식 개선 등을 위한 10ㆍ27법난 피해자의 명예회복 등에 관한 법률 시행령 등 일부개정령) 부칙 <대통령령 제26839호, 2015. 12. 31.>보기

제1조(시행일) 이 영은 공포한 날부터 시행한다.

제2조(서식 개정에 관한 경과조치) 이 영 시행 당시 종전의 규정에 따른 서식은 이 영 시행 이후 3개월 간 이 영에 따른 서식과 함께 사용할 수 있다.

부칙 <대통령령 제26922호,  2016. 1. 22.>조문목록 접기   부      칙 <대통령령 제26922호, 2016. 1. 22.> (제주특별자치도 설치 및 국제자유도시 조성을 위한 특별법 시행령) 부칙 <대통령령 제26922호,  2016. 1. 22.>보기

제1조(시행일) 이 영은 2016년 1월 25일부터 시행한다.

제2조 및 제3조 생략

제4조(다른 법령의 개정) ①부터 ⑱까지 생략

⑲ 문화예술진흥법 시행령 일부를 다음과 같이 개정한다.

제23조의5제1항 중 “「제주특별자치도 설치 및 국제자유도시 조성을 위한 특별법」 제17조제2항”을 “「제주특별자치도 설치 및 국제자유도시 조성을 위한 특별법」 제11조제2항”으로 한다.

⑳부터 ㊻까지 생략

제5조 및 제6조 생략

부칙 <대통령령 제27751호,  2016. 12. 30.>조문목록 접기   부      칙 <대통령령 제27751호, 2016. 12. 30.> (규제 재검토기한 설정 등을 위한 가맹사업거래의 공정화에 관한 법률 시행령 등 일부개정령) 부칙 <대통령령 제27751호,  2016. 12. 30.>보기

제1조(시행일) 이 영은 2017년 1월 1일부터 시행한다. <단서 생략>

제2조 부터 제12조까지 생략

부칙<대통령령 제29687호, 2019. 4. 16.>조문목록 없음   부      칙 <대통령령 제29687호, 2019. 4. 16.>

이 영은 2019년 4월 17일부터 시행한다.

부칙<대통령령 제29950호, 2019. 7. 2.>조문목록 없음   부      칙 <대통령령 제29950호, 2019. 7. 2.> (어려운 법령용어 정비를 위한 210개 법령의 일부개정에 관한 대통령령)

이 영은 공포한 날부터 시행한다. <단서 생략>

부칙 <대통령령 제31379호, 2021. 1. 5.>조문목록 접기   부      칙 <대통령령 제31379호, 2021. 1. 5.> (지정ㆍ위탁의 실적 요건 정비를 위한 27개 법령의 일부개정에 관한 대통령령) 부칙 <대통령령 제31379호, 2021. 1. 5.>보기

제1조(시행일) 이 영은 공포한 날부터 시행한다.

제2조(지정 또는 위탁 요건에 관한 일반적 적용례) 이 영은 이 영 시행 이후 이 영에 의하여 개정되는 법령에 따른 지정 또는 위탁을 하기 위하여 그 지정 또는 위탁의 절차를 시작하는 경우부터 적용한다.

부칙<대통령령 제31738호,  2021. 6. 8.>조문목록 없음   부      칙 <대통령령 제31738호, 2021. 6. 8.>

이 영은 2021년 6월 9일부터 시행한다.

부칙 <대통령령 제32804호,  2022. 7. 19.>조문목록 접기   부      칙 <대통령령 제32804호, 2022. 7. 19.> 부칙 <대통령령 제32804호,  2022. 7. 19.>보기

제1조(시행일) 이 영은 2022년 7월 19일부터 시행한다.

제2조(정기점검 계획의 수립에 관한 적용례) 제15조의 개정규정은 2023년도분의 정기점검 계획을 수립하는 경우부터 적용한다.

제3조(미술작품심의위원회 및 위촉위원에 관한 경과조치) 이 영 시행 당시 종전의 제14조제1항에 따라 설치된 미술작품심의위원회는 법 제9조의2제2항에 따른 미술작품심의위원회로 보며, 종전의 규정에 따라 위촉된 미술작품심의위원회 위원은 제14조제1항의 개정규정에 따라 위촉된 위원으로 본다.

부칙 <대통령령 제33023호,  2022. 12. 6.>조문목록 접기   부      칙 <대통령령 제33023호, 2022. 12. 6.> (도서관법 시행령) 부칙 <대통령령 제33023호,  2022. 12. 6.>보기

제1조(시행일) 이 영은 2022년 12월 8일부터 시행한다.

제2조 부터 제4조까지 생략

제5조(다른 법령의 개정) ①부터 ⑥까지 생략

⑦ 문화예술진흥법 시행령 일부를 다음과 같이 개정한다.

별표 1 제3호가목 중 “「도서관법」 제2조제1호”를 “「도서관법」 제3조제1호”로 하고, 같은 호 나목 중 “「도서관법」 제2조제4호가목”을 “「도서관법」 제4조제2항제1호가목”으로 한다.

⑧부터 ㉕까지 생략

제6조 생략

부칙<대통령령 제33329호,  2023. 3. 14.>조문목록 없음   부      칙 <대통령령 제33329호, 2023. 3. 14.>

이 영은 2023년 3월 28일부터 시행한다.

부칙 <대통령령 제33771호,  2023. 9. 26.>조문목록 접기   부      칙 <대통령령 제33771호, 2023. 9. 26.> (한부모가족 지원 확대를 위한 6개 법령의 일부개정에 관한 대통령령) 부칙 <대통령령 제33771호,  2023. 9. 26.>보기

제1조(시행일) 이 영은 공포한 날부터 시행한다.

제2조 생략

부칙<대통령령 제33837호,  2023. 10. 31.>조문목록 없음   부      칙 <대통령령 제33837호, 2023. 10. 31.>

이 영은 공포한 날부터 시행한다.

부칙<대통령령 제33989호,  2023. 12. 19.>조문목록 없음   부      칙 <대통령령 제33989호, 2023. 12. 19.>

이 영은 2023년 12월 21일부터 시행한다.

부칙<대통령령 제34449호,  2024. 4. 23.>조문목록 없음   부      칙 <대통령령 제34449호, 2024. 4. 23.> (개인정보 침해요인 개선을 위한 33개 법령의 일부개정에 관한 대통령령)

이 영은 공포한 날부터 시행한다. 다만, ㆍㆍㆍ<생략>ㆍㆍㆍ 제12조부터 제14조까지 ㆍㆍㆍ<생략>ㆍㆍㆍ 개정규정은 2024년 6월 1일부터 시행한다.

부칙 <대통령령 제34492호,  2024. 5. 7.>조문목록 접기   부      칙 <대통령령 제34492호, 2024. 5. 7.> (무형유산의 보전 및 진흥에 관한 법률 시행령) 부칙 <대통령령 제34492호,  2024. 5. 7.>보기

제1조(시행일) 이 영은 2024년 5월 17일부터 시행한다.

제2조(다른 법령의 개정) ①부터 ⑤까지 생략

⑥ 문화예술진흥법 시행령 일부를 다음과 같이 개정한다.

별표 1 제5호다목 중 “무형문화재를”을 “무형유산을”로 한다.

⑦부터 ⑮까지 생략

제3조 생략

부칙 <대통령령 제35947호,  2025. 12. 30.>조문목록 접기   부      칙 <대통령령 제35947호, 2025. 12. 30.> (재정경제부 직제) 부칙 <대통령령 제35947호,  2025. 12. 30.>보기

제1조(시행일) 이 영은 2026년 1월 2일부터 시행한다. 다만, 부칙 제6조에 따라 개정되는 대통령령 중 이 영 시행 전에 공포되었으나 시행일이 도래하지 않은 대통령령을 개정한 부분은 각각 해당 대통령령의 시행일부터 시행한다.

제2조 부터 제5조까지 생략

제6조(다른 법령의 개정) ①부터 <149>까지 생략

<150> 문화예술진흥법 시행령 일부를 다음과 같이 개정한다.

제36조 중 “기획재정부장관”을 “재정경제부장관”으로 한다.

<151>부터 <313>까지 생략

부칙<대통령령 제36220호,  2026. 3. 24.>조문목록 없음   부      칙 <대통령령 제36220호, 2026. 3. 24.> (규제 재검토기한 정비를 위한 136개 법령의 일부개정에 관한 대통령령)

이 영은 공포한 날부터 시행한다.


별표 [별표 1] 문화시설의 상세 분류(제2조제2항 관련) HWP파일 다운로드 PDF파일 다운로드 법령별표 한글주소
별표 [별표 2] 건축물미술작품 사용금액(제12조제5항 관련) HWP파일 다운로드 PDF파일 다운로드 법령별표 한글주소
별표 [별지 제1호서식] 전문예술법인ㆍ단체 지정(변경)신청서 HWP파일 다운로드 PDF파일 다운로드 법령별표 한글주소
별표 [별지 제2호서식] 전문예술법인ㆍ단체 지정서 HWP파일 다운로드 PDF파일 다운로드 법령별표 한글주소
별표 [별지 제3호서식] 전문예술법인ㆍ단체 지정대장 HWP파일 다운로드 PDF파일 다운로드 법령별표 한글주소
별표 [별지 제4호서식] 전문예술법인ㆍ단체 지정취소 기록대장 HWP파일 다운로드 PDF파일 다운로드 법령별표 한글주소
별표 [별지 제5호서식] 문화예술진흥기금 출연 계획서 HWP파일 다운로드 PDF파일 다운로드 법령별표 한글주소
별표 [별지 제6호서식] 문화예술진흥기금 출연 확인서 HWP파일 다운로드 PDF파일 다운로드 법령별표 한글주소
별표 [별지 제7호서식] 건축물미술작품 관리총괄표 HWP파일 다운로드 PDF파일 다운로드 법령별표 한글주소",https://www.law.go.kr/법령/문화예술진흥법시행령
D_004,건축물관리법 시행령,시행령,유지 관리,점검 및 해체 세부기준,"점검기관 지정, 유지관리 실시",관리대상 건축물,"",https://www.law.go.kr/법령/건축물관리법시행령
D_005,국토의 계획 및 이용에 관한 법률 시행령,시행령,도시 계획,용도지역별 세부 행위 제한,"건폐율/용적률 적용, 행위 제한",토지 및 부속 건축물,"",https://www.law.go.kr/법령/국토의계획및이용에관한법률시행령
R_001,건축법 시행규칙,시행규칙,건축 일반,행정 서식 및 구체적 규격,건축허가신청서 등 서류 제출,모든 건축물,"",https://www.law.go.kr/법령/건축법시행규칙
R_002,건축물관리법 시행규칙,시행규칙,유지 관리,점검 서식 및 보고 절차,"점검결과 보고, 해체계획서 제출",관리대상 건축물,"",https://www.law.go.kr/법령/건축물관리법시행규칙
R_003,국토의 계획 및 이용에 관한 법률 시행규칙,시행규칙,도시 계획,개발행위 서식 및 행정 절차,개발행위허가신청서 등 서류 제출,토지 및 부속 건축물,"",https://www.law.go.kr/법령/국토의계획및이용에관한법률시행규칙
